iter	RMSE
0	0.9923580593
1	0.985909481
2	0.979972527
3	0.9745408411
4	0.9695242901
5	0.9651614463
6	0.9606498333
7	0.9570017713
8	0.9533375419
9	0.950278607
10	0.9474434087
11	0.9448155617
12	0.9425493112
13	0.9401069576
14	0.9378920998
